[{
	"model": "categories.category",
	"pk": 1,
	"fields": {
		"name": "Coworker",
		"weight": 1,
		"comment_required": false
	}
}, {
	"model": "categories.category",
	"pk": 2,
	"fields": {
		"name": "SME",
		"weight": 3,
		"comment_required": true
	}
}, {
	"model": "categories.category",
	"pk": 3,
	"fields": {
		"name": "Team Leader / Team Manager",
		"weight": 4,
		"comment_required": true
	}
}, {
	"model": "categories.category",
	"pk": 4,
	"fields": {
		"name": "Manager",
		"weight": 5,
		"comment_required": true
	}
}, {
	"model": "categories.category",
	"pk": 5,
	"fields": {
		"name": "Director",
		"weight": 10,
		"comment_required": true
	}
}, {
	"model": "categories.subcategory",
	"pk": 1,
	"fields": {
		"name": "Demo",
		"category": [1, 2, 3, 4, 5]
	}
}, {
	"model": "categories.subcategory",
	"pk": 2,
	"fields": {
		"name": "Innovation",
		"category": [1, 2, 3, 4, 5]
	}
}, {
	"model": "categories.subcategory",
	"pk": 3,
	"fields": {
		"name": "Teamwork",
		"category": [1, 2, 3, 4, 5]
	}
}, {
	"model": "categories.subcategory",
	"pk": 4,
	"fields": {
		"name": "Commitment",
		"category": [1, 2, 3, 4, 5]
	}
}, {
	"model": "categories.subcategory",
	"pk": 5,
	"fields": {
		"name": "Empowerment",
		"category": [1, 2, 3, 4, 5]
	}
}, {
	"model": "categories.subcategory",
	"pk": 6,
	"fields": {
		"name": "Trust",
		"category": [1, 2, 3, 4, 5]
	}
}, {
	"model": "categories.subcategory",
	"pk": 7,
	"fields": {
		"name": "Technical Guidance",
		"category": [1, 2, 3, 4, 5]
	}
}, {
	"model": "categories.subcategory",
	"pk": 8,
	"fields": {
		"name": "Code Review",
		"category": [1, 2, 3]
	}
}, {
	"model": "categories.subcategory",
	"pk": 9,
	"fields": {
		"name": "Technical Interview",
		"category": [1, 2, 3, 4, 5]
	}
}, {
	"model": "categories.subcategory",
	"pk": 10,
	"fields": {
		"name": "Speaker",
		"category": [1, 2, 3, 4, 5]
	}
}, {
	"model": "categories.subcategory",
	"pk": 11,
	"fields": {
		"name": "Blogger",
		"category": [1, 2, 3, 4, 5]
	}
}, {
	"model": "categories.subcategory",
	"pk": 12,
	"fields": {
		"name": "Event collaborator",
		"category": [1, 2, 3, 4, 5]
	}
}, {
	"model": "categories.subcategory",
	"pk": 13,
	"fields": {
		"name": "Training",
		"category": [1, 2, 3, 4, 5]
	}
}, {
	"model": "categories.subcategory",
	"pk": 14,
	"fields": {
		"name": "Partnership",
		"category": [1]
	}
}, {
	"model": "categories.keyword",
	"pk": 1,
	"fields": {
		"name": "PYTHON"
	}
}, {
	"model": "categories.keyword",
	"pk": 2,
	"fields": {
		"name": "PHP"
	}
}, {
	"model": "categories.keyword",
	"pk": 3,
	"fields": {
		"name": "ANDROID"
	}
}, {
	"model": "categories.keyword",
	"pk": 4,
	"fields": {
		"name": "JAVA"
	}
}, {
	"model": "categories.keyword",
	"pk": 5,
	"fields": {
		"name": "IOS"
	}
}, {
	"model": "categories.keyword",
	"pk": 6,
	"fields": {
		"name": "SCRUM"
	}
}, {
	"model": "categories.keyword",
	"pk": 7,
	"fields": {
		"name": "JAVASCRIPT"
	}
}, {
	"model": "categories.keyword",
	"pk": 8,
	"fields": {
		"name": "ANGULAR"
	}
}, {
	"model": "categories.keyword",
	"pk": 9,
	"fields": {
		"name": "RUBY"
	}
}, {
	"model": "categories.keyword",
	"pk": 10,
	"fields": {
		"name": "RUBY ON RAILS"
	}
}, {
	"model": "categories.keyword",
	"pk": 11,
	"fields": {
		"name": "DJANGO"
	}
}, {
	"model": "categories.keyword",
	"pk": 12,
	"fields": {
		"name": "C++"
	}
}, {
	"model": "categories.keyword",
	"pk": 13,
	"fields": {
		"name": "C#"
	}
}, {
	"model": "categories.keyword",
	"pk": 14,
	"fields": {
		"name": ".NET"
	}
}, {
	"model": "categories.keyword",
	"pk": 15,
	"fields": {
		"name": "PERL"
	}
}, {
	"model": "categories.keyword",
	"pk": 16,
	"fields": {
		"name": "MOBILE"
	}
}, {
	"model": "categories.keyword",
	"pk": 17,
	"fields": {
		"name": "QA"
	}
}, {
	"model": "categories.keyword",
	"pk": 18,
	"fields": {
		"name": "AUTOMATION"
	}
}, {
	"model": "categories.keyword",
	"pk": 19,
	"fields": {
		"name": "EXCELLENCE"
	}
}, {
	"model": "categories.keyword",
	"pk": 20,
	"fields": {
		"name": "RELIABILITY"
	}
}, {
	"model": "categories.keyword",
	"pk": 21,
	"fields": {
		"name": "TEAM SPIRIT"
	}
}, {
	"model": "categories.keyword",
	"pk": 22,
	"fields": {
		"name": "SERVICE"
	}
}, {
	"model": "categories.keyword",
	"pk": 23,
	"fields": {
		"name": "INTEGRITY"
	}
}, {
	"model": "categories.keyword",
	"pk": 24,
	"fields": {
		"name": "RESPONSIBILITY"
	}
}]